diagnosis,area_mean
B,462.7901960784314
M,978.3764150943397
